,IPSA
2021-06-10,1000.0
2021-06-11,1007.5696367568554
2021-06-14,1018.4263856956575
2021-06-15,1024.4307273913637
2021-06-16,1023.5641577866647
2021-06-17,1017.6260952279313
2021-06-18,1009.2785605123746
2021-06-22,1028.4557500087062
2021-06-23,1027.5184780713046
2021-06-24,1040.6309077342535
2021-06-25,1022.776082023102
2021-06-29,1016.0661233682606
2021-06-30,1019.1866136471426
2021-07-01,1019.8950070334351
2021-07-02,1012.0164196038318
2021-07-05,1006.451590306376
2021-07-06,978.9098503428917
2021-07-07,988.0698670435098
2021-07-08,982.6025800401567
2021-07-09,995.3012038794338
2021-07-12,993.1178292344727
2021-07-13,982.2470581025535
2021-07-14,971.6366750188464
2021-07-15,970.5295719377128
2021-07-19,988.8229458879701
2021-07-20,1002.190815263969
2021-07-21,997.2642500131914
2021-07-22,998.2578468060244
2021-07-23,976.6682117480482
2021-07-26,967.3069996643917
2021-07-27,967.393658837917
2021-07-28,973.1670287973157
2021-07-29,991.4065713024547
2021-07-30,991.8822217563182
2021-08-02,982.1536011114939
2021-08-03,980.785261050198
2021-08-04,981.2396645364907
2021-08-05,987.5888852577792
2021-08-06,996.612656734038
2021-08-09,987.3577033909324
2021-08-10,1011.5999171936589
2021-08-11,1019.213864797589
2021-08-12,1022.0427457271051
2021-08-13,1027.9982235921739
2021-08-16,1011.0430978989347
2021-08-17,1008.6492974237791
2021-08-18,1012.2919871758075
2021-08-19,1004.6206122046466
2021-08-20,1012.8701025669111
2021-08-23,1020.3375592283312
2021-08-24,1013.9800072924659
2021-08-25,1030.343281673708
2021-08-26,1033.3541437100916
2021-08-27,1037.6626284653694
2021-08-30,1047.2292941386465
2021-08-31,1042.8258974757186
2021-09-01,1033.3027275911681
2021-09-02,1028.128214714514
2021-09-03,1034.6401956910508
2021-09-06,1033.7585500388423
2021-09-07,1027.3237646242817
2021-09-08,1013.822886550997
2021-09-09,1020.6665315289638
2021-09-10,1033.9909187414898
2021-09-13,1021.3171258489837
2021-09-14,1023.5428974815801
2021-09-15,1027.7214583126488
2021-09-16,1035.0773863088712
2021-09-20,994.9948255980161
2021-09-21,996.9219706632427
2021-09-22,1013.6652143032217
2021-09-23,1020.5996923410263
2021-09-24,1013.0563874882982
2021-09-27,1005.6620905972788
2021-09-28,999.7699253552092
2021-09-29,1002.0661368115544
2021-09-30,1008.7718353365241
2021-10-01,999.5498653714795
2021-10-04,979.7687406975333
2021-10-05,972.5342546419906
2021-10-06,936.899459143153
2021-10-07,933.7914186202405
2021-10-08,936.4042079077698
2021-10-12,928.2398644627173
2021-10-13,898.2506016668863
2021-10-14,896.2038364656925
2021-10-15,894.3490932489617
2021-10-18,901.7087209486285
2021-10-19,900.0237665090918
2021-10-20,906.6439097469472
2021-10-21,908.2971193948695
2021-10-22,913.84037552195
2021-10-25,931.4035564665746
2021-10-26,947.0271597349387
2021-10-27,916.656499325849
2021-10-28,912.9619628506179
2021-10-29,910.4019604915517
2021-11-02,936.418794075466
2021-11-03,961.2391665772915
2021-11-04,993.7624887789287
2021-11-05,973.387965787181
2021-11-08,969.528158914021
2021-11-09,995.4193480223458
2021-11-10,1002.9840622678878
2021-11-11,1008.0303653245375
2021-11-12,1000.1566529679764
2021-11-15,978.2967401337606
2021-11-16,959.5733493259381
2021-11-17,955.2930472162042
2021-11-18,951.9592533768778
2021-11-19,968.8182946657803
2021-11-22,1059.6882943218477
2021-11-23,1042.6914620082075
2021-11-24,1027.4742564033509
2021-11-25,1021.1234591541534
2021-11-26,1017.3282686437512
2021-11-29,999.5139882070561
2021-11-30,975.6468304811184
2021-12-01,959.2149529316298
2021-12-02,968.9869862418203
2021-12-03,970.7846417214772
2021-12-06,966.510950580174
2021-12-07,971.8226583154487
2021-12-09,975.8401936690315
2021-12-10,973.6027471112749
2021-12-13,951.1207035750145
2021-12-14,922.9003725564297
2021-12-15,943.3101284871091
2021-12-16,973.4500239567276
2021-12-17,962.3505767149147
2021-12-20,898.1488972219848
2021-12-21,911.1841228272835
2021-12-22,907.882011761527
2021-12-23,935.7223220629022
2021-12-24,945.3980978033827
2021-12-27,942.6269805828122
2021-12-28,940.2822823019446
2021-12-29,936.2306300017318
2021-12-30,952.642085256302
2022-01-03,947.6540908732702
2022-01-04,940.5675732009299
2022-01-05,941.5999845454011
2022-01-06,947.6773985189993
2022-01-07,936.1206782081497
2022-01-10,935.0381301635615
2022-01-11,959.2493975284491
2022-01-12,987.0480181134808
2022-01-13,989.1466758545545
2022-01-14,982.9879076318114
2022-01-17,981.2070514551143
2022-01-18,986.5427834904484
2022-01-19,976.6685225122435
2022-01-20,979.984634659038
2022-01-21,1014.1503124968647
2022-01-24,980.0335785143524
2022-01-25,986.5520811455364
2022-01-26,993.1707500029217
2022-01-27,994.3356762369901
2022-01-28,989.1825142269956
2022-01-31,994.0805699185094
2022-02-01,1004.9526983383978
2022-02-02,994.7222754333357
2022-02-03,972.5992987315032
2022-02-04,968.3301542546777
2022-02-07,979.7472329806195
2022-02-08,1003.1762338511243
2022-02-09,1007.9150322790198
2022-02-10,1016.5251618119618
2022-02-11,1018.4413641812722
2022-02-14,1006.7287429356055
2022-02-15,1015.4312000231487
2022-02-16,1017.5894316813541
2022-02-17,994.4765506209187
2022-02-18,994.8610002861639
2022-02-21,988.2142726288291
2022-02-22,975.8498325497824
2022-02-23,957.8120023620447
2022-02-24,965.9302139286997
2022-02-25,980.9692409967104
2022-02-28,997.0391057032532
2022-03-01,976.6277327216283
2022-03-02,988.1943017706302
2022-03-03,1009.8846471397273
2022-03-04,1028.1223778220044
2022-03-07,1020.5491488653126
2022-03-08,1011.5813774527688
2022-03-09,1028.050347025897
2022-03-10,1020.0082232767569
2022-03-11,1023.6281707834125
2022-03-14,1012.9330790593665
2022-03-15,1019.5349546307357
2022-03-16,1035.2897149239152
2022-03-17,1056.7107775637282
2022-03-18,1069.0361855537878
2022-03-21,1099.2041808415704
2022-03-22,1075.9064652324903
2022-03-23,1064.491381704046
2022-03-24,1089.216438116556
2022-03-25,1090.5044101768647
2022-03-28,1077.4360115124355
2022-03-29,1070.9383467717205
2022-03-30,1071.184497611396
2022-03-31,1081.1244665979987
2022-04-01,1091.3149070272311
2022-04-04,1093.5301397306898
2022-04-05,1078.552348777441
2022-04-06,1087.661247798557
2022-04-07,1088.1843530168235
2022-04-08,1090.3152859656752
2022-04-11,1075.7046818660244
2022-04-12,1073.897801751936
2022-04-13,1079.1738048808286
2022-04-14,1078.2166401969287
2022-04-18,1067.9027805811088
2022-04-19,1079.6189368496991
2022-04-20,1088.7034048895616
2022-04-21,1065.2564182947274
2022-04-22,1055.1279179455844
2022-04-25,1023.0721359254977
2022-04-26,1009.4110620466246
2022-04-27,1026.668531476869
2022-04-28,1030.5837821161608
2022-04-29,1022.82600748103
2022-05-02,1015.8491085184196
2022-05-03,1022.5348320117787
2022-05-04,1047.6662578882651
2022-05-05,1042.240339996346
2022-05-06,1035.7854726998955
2022-05-09,1008.9890725189134
2022-05-10,999.9420395518011
2022-05-11,994.6884903782574
2022-05-12,1003.1631946333471
2022-05-13,1037.74482704189
2022-05-16,1040.7339616018955
2022-05-17,1075.7916126582877
2022-05-18,1063.4233164221528
2022-05-19,1069.214479544757
2022-05-20,1068.5060541549883
2022-05-23,1097.1771557659533
2022-05-24,1098.8876564128093
2022-05-25,1108.030698464694
2022-05-26,1129.2338414015585
2022-05-27,1157.5158629270136
2022-05-30,1157.5915200215632
2022-05-31,1143.403252276871
2022-06-01,1128.4579333235079
2022-06-02,1142.1953014515343
2022-06-03,1142.3330211911134
2022-06-06,1131.09833534134
2022-06-07,1134.143133027969
2022-06-08,1113.986178144436
2022-06-09,1093.874902189308
2022-06-10,1098.2665947309529
2022-06-13,1075.7087743964285
2022-06-14,1075.4786677629497
2022-06-15,1076.7500250348949
2022-06-16,1050.0310689815324
2022-06-17,1058.1398543711255
2022-06-20,1065.7231660714951
2022-06-22,1062.8964258692263
2022-06-23,1037.1760809429093
2022-06-24,1054.742410453708
2022-06-28,1055.821419701824
2022-06-29,1052.114050110688
2022-06-30,1040.8946308223872
2022-07-01,1052.3944427509184
2022-07-04,1052.666964380352
2022-07-05,1058.096551739776
2022-07-06,1057.222527898666
2022-07-07,1081.9297941576663
2022-07-08,1083.253528987075
2022-07-11,1069.3057287099684
2022-07-12,1072.5612243700762
2022-07-13,1084.3994187946228
2022-07-14,1086.7303897186105
2022-07-15,1075.089333789373
2022-07-18,1071.1333204120606
2022-07-19,1090.2560532885275
2022-07-20,1086.4093549145898
2022-07-21,1104.3617249369477
2022-07-22,1110.6222757926855
2022-07-25,1118.8345134069696
2022-07-26,1108.2551558510818
2022-07-27,1120.152347661405
2022-07-28,1120.7193741117337
2022-07-29,1119.9309121177605
2022-08-01,1116.480681487399
2022-08-02,1117.493231325553
2022-08-03,1106.0231217771432
2022-08-04,1096.6048053889813
2022-08-05,1102.254739031282
2022-08-08,1115.8710184979439
2022-08-09,1113.2332231949363
2022-08-10,1125.1154776115482
2022-08-11,1135.601982123552
2022-08-12,1156.5905743357046
2022-08-16,1149.7696511676454
2022-08-17,1155.3148973886045
2022-08-18,1134.756204076396
2022-08-19,1118.665834443215
2022-08-22,1135.1741930851667
2022-08-23,1147.3104295374699
2022-08-24,1159.5993165317457
2022-08-25,1168.6589050211269
2022-08-26,1168.1825644119488
2022-08-29,1173.1936240900786
2022-08-30,1174.6084265786205
2022-08-31,1155.287684260868
2022-09-01,1144.0819384800488
2022-09-02,1194.091284180895
2022-09-05,1222.7143672705115
2022-09-06,1189.2765529696867
2022-09-07,1178.5204750931944
2022-09-08,1181.223367192313
2022-09-09,1205.966094258639
2022-09-12,1194.0172026142486
2022-09-13,1193.1851366446651
2022-09-14,1206.669260230163
2022-09-15,1179.236488304034
2022-09-20,1145.5800111340614
2022-09-21,1154.5333387159642
2022-09-22,1132.1561532511753
2022-09-23,1108.1539051979928
2022-09-26,1105.1120884528234
2022-09-27,1107.086790723851
2022-09-28,1086.1990517414547
2022-09-29,1069.8922936737072
2022-09-30,1088.4067895935102
2022-10-03,1085.2730835249774
2022-10-04,1111.9608628062263
2022-10-05,1096.5477043487472
2022-10-06,1094.6260680323546
2022-10-07,1069.7645118270877
2022-10-11,1052.2605494538432
2022-10-12,1034.2965787406208
2022-10-13,1042.4755566794486
2022-10-14,1040.6128902843625
2022-10-17,1073.3450599310268
2022-10-18,1075.716152463749
2022-10-19,1074.5805937359692
2022-10-20,1079.056496043515
2022-10-21,1087.0034141525944
2022-10-24,1077.4277935128607
2022-10-25,1093.836249215821
2022-10-26,1092.0809426645505
2022-10-27,1098.4100700339964
2022-10-28,1095.0972579652855
2022-11-02,1091.4582107414442
2022-11-03,1093.4995195103816
2022-11-04,1100.7748888520648
2022-11-07,1114.8192349985213
2022-11-08,1146.2352156421157
2022-11-09,1132.179711115361
2022-11-10,1131.928173191744
2022-11-11,1138.9074872213832
2022-11-14,1122.8602230667366
2022-11-15,1102.8412668618325
2022-11-16,1100.1450775226651
2022-11-17,1078.635550794828
2022-11-18,1084.9752944077527
2022-11-21,1121.1918851107127
2022-11-22,1114.4812477004828
2022-11-23,1106.2345070569656
2022-11-24,1109.9250369044912
2022-11-25,1095.4082465464696
2022-11-28,1083.4325950312086
2022-11-29,1096.1655437270729
2022-11-30,1110.062821383692
2022-12-01,1102.4766482775206
2022-12-02,1107.2472646621331
2022-12-05,1101.191059294471
2022-12-06,1085.1391490321218
2022-12-07,1078.83453580549
2022-12-09,1076.2467209881677
2022-12-12,1078.7429466749636
2022-12-13,1072.2489759413058
2022-12-14,1063.6703987555811
2022-12-15,1040.4345928863163
2022-12-16,1047.1349465129633
2022-12-19,1055.7736778738208
2022-12-20,1072.849025111403
2022-12-21,1065.7560492461378
2022-12-22,1051.4326281073363
2022-12-23,1059.9849930498679
2022-12-26,1052.488021561856
2022-12-27,1041.8187873538322
2022-12-28,1044.6129627493015
2022-12-29,1052.5737030412797
2022-12-30,1056.1525820888291
2023-01-03,1028.2658990524997
2023-01-04,1021.6054719045276
2023-01-05,1028.5501110081752
2023-01-06,1031.2347261624932
2023-01-09,1039.452594979903
2023-01-10,1035.533657149675
2023-01-11,1046.867765698659
2023-01-12,1050.661353024918
2023-01-13,1040.6074019498756
2023-01-16,1042.831246621221
2023-01-17,1049.099085411731
2023-01-18,1059.1465406602165
2023-01-19,1050.7648297870994
2023-01-20,1060.4786789630757
2023-01-23,1079.2900112370683
2023-01-24,1068.5860070481217
2023-01-25,1068.6856253158999
2023-01-26,1084.1944631668964
2023-01-27,1089.5691506915398
2023-01-30,1089.6969858358073
2023-01-31,1087.593310572774
2023-02-01,1081.1491729325028
2023-02-02,1082.7675102121614
2023-02-03,1084.4575081658313
2023-02-06,1077.6143085916494
2023-02-07,1070.999034556909
2023-02-08,1083.3916006944128
2023-02-09,1086.7311995833415
2023-02-10,1091.6419753502855
2023-02-13,1087.5669440994789
2023-02-14,1080.4937100308919
2023-02-15,1094.428649152705
2023-02-16,1104.044757140964
2023-02-17,1068.421056480504
2023-02-20,1070.774311444712
2023-02-21,1054.3185087213324
2023-02-22,1052.0822127056713
2023-02-23,1067.103403051456
2023-02-24,1070.8689898448001
2023-02-27,1082.3708527008835
2023-02-28,1088.0122627302192
2023-03-01,1079.8032425678264
2023-03-02,1081.3528157943815
2023-03-03,1093.5314107801228
2023-03-06,1085.276108844706
2023-03-07,1075.9847808403479
2023-03-08,1078.841785021221
2023-03-09,1072.4512099884528
2023-03-10,1066.9243781157577
2023-03-13,1057.241126322203
2023-03-14,1052.094693694121
2023-03-15,1029.074246864319
2023-03-16,1031.7416277611771
2023-03-17,1021.9226468452121
2023-03-20,1024.1686445372104
2023-03-21,1051.0509594549394
2023-03-22,1043.9548254970045
2023-03-23,1043.9314248870096
2023-03-24,1038.3157371166487
2023-03-27,1040.615074294448
2023-03-28,1038.9717855033714
2023-03-29,1051.823642503676
2023-03-30,1047.0484228831456
2023-03-31,1048.074363522294
2023-04-03,1044.8205550153293
2023-04-04,1026.7965601189285
2023-04-05,1027.090739021784
2023-04-06,1033.6537476250062
2023-04-10,1035.5934635116
2023-04-11,1042.607608381597
2023-04-12,1053.2311224323128
2023-04-13,1052.644421256407
2023-04-14,1066.741661449114
2023-04-17,1081.0098642158052
2023-04-18,1081.1642264160491
2023-04-19,1067.2565177559154
2023-04-20,1057.721417844028
2023-04-21,1011.0908723936034
2023-04-24,1025.3166466902192
2023-04-25,1025.2056573695393
2023-04-26,1024.368236856483
2023-04-27,1039.7025226719597
2023-04-28,1041.4697270804777
2023-05-02,1030.6792307530163
2023-05-03,1030.2046576059704
2023-05-04,1027.3347504716453
2023-05-05,1044.0498290762348
2023-05-08,1062.9048030906338
2023-05-09,1054.0039947940024
2023-05-10,1058.6923072884895
2023-05-11,1069.0699930215412
2023-05-12,1068.2815019604116
2023-05-15,1061.9183561976602
2023-05-16,1068.5580603464311
2023-05-17,1065.041337282966
2023-05-18,1071.4711017211275
2023-05-19,1072.443525759356
2023-05-22,1055.8303657160288
2023-05-23,1054.966910188795
2023-05-24,1047.7550295407818
2023-05-25,1039.7835654899056
2023-05-26,1037.430267747997
2023-05-29,1038.1859681399842
2023-05-30,1036.5240178585852
2023-05-31,1011.4537902200633
2023-06-01,1022.0860351817412
2023-06-02,1047.3602588136673
2023-06-05,1048.83588676233
2023-06-06,1058.9358999115975
2023-06-07,1054.0390791293821
2023-06-08,1053.9430876295035
2023-06-09,1056.2825514712663
2023-06-12,1059.0217964717917
2023-06-13,1063.1449358471232
2023-06-14,1063.8081241484022
2023-06-15,1068.7621856244555
2023-06-16,1068.5969567403915
2023-06-19,1073.15035838651
2023-06-20,1079.844592302024
2023-06-22,1076.1845803199037
2023-06-23,1059.6709080786477
2023-06-27,1057.111188983243
2023-06-28,1054.0938011911587
2023-06-29,1067.748427324296
2023-06-30,1078.64351724956
2023-07-03,1095.0742214454913
2023-07-04,1102.6525273805507
2023-07-05,1091.4764507270086
2023-07-06,1081.0701481070046
2023-07-07,1111.0704938207887
2023-07-10,1113.7146033311133
2023-07-11,1121.8717740930413
2023-07-12,1137.4327795809347
2023-07-13,1133.0171534019464
2023-07-14,1145.3816412158662
2023-07-17,1157.08837088468
2023-07-18,1175.5029004404141
2023-07-19,1183.0436997794718
2023-07-20,1181.665056120186
2023-07-21,1173.9587047768032
2023-07-24,1179.0929805870958
2023-07-25,1192.7572108730744
2023-07-26,1185.7623872983268
2023-07-27,1173.2728777927605
2023-07-28,1180.0606481798673
2023-07-31,1188.7956602922677
2023-08-01,1197.2778945806265
2023-08-02,1178.1630312031411
2023-08-03,1166.7108796169632
2023-08-04,1169.6085660056722
2023-08-07,1175.044551035952
2023-08-08,1162.079696175005
2023-08-09,1178.8281021026694
2023-08-10,1169.1406597526818
2023-08-11,1162.4777988046676
2023-08-14,1154.0305424951227
2023-08-16,1154.0428161634088
2023-08-17,1139.6477480583962
2023-08-18,1138.5858589334166
2023-08-21,1136.5328384396132
2023-08-22,1143.723266227064
2023-08-23,1151.1174421251967
2023-08-24,1126.1634283796
2023-08-25,1120.6936773144946
2023-08-28,1117.572222172934
2023-08-29,1122.9614518379115
2023-08-30,1116.3388684329325
2023-08-31,1112.9040915086034
2023-09-01,1111.5758408084307
2023-09-04,1108.965647003951
2023-09-05,1098.8607393034492
2023-09-06,1094.2428748001578
2023-09-07,1089.8243368784724
2023-09-08,1086.2560365715563
2023-09-11,1086.8604943528048
2023-09-12,1087.1370324160573
2023-09-13,1093.8092427818722
2023-09-14,1109.6337582341728
2023-09-15,1111.3148266289697
2023-09-20,1097.1648676289929
2023-09-21,1085.171369070332
2023-09-22,1078.3707457906155
2023-09-25,1069.6775631683654
2023-09-26,1066.2775286169078
2023-09-27,1066.3446806222044
2023-09-28,1080.631699452823
2023-09-29,1082.8220914836743
2023-10-02,1067.406291772959
2023-10-03,1054.8235044734702
2023-10-04,1057.8305376650737
2023-10-05,1045.225190930137
2023-10-06,1053.1824964056639
2023-10-10,1075.9245020952173
2023-10-11,1075.5266767662267
2023-10-12,1079.8145117791698
2023-10-13,1075.393960561192
2023-10-16,1090.369001920757
2023-10-17,1096.9043069838565
2023-10-18,1077.495553695978
2023-10-19,1062.4817147599522
2023-10-20,1049.2855094298463
2023-10-23,1024.5615314280851
2023-10-24,1031.7915892787948
2023-10-25,1025.6821701724216
2023-10-26,1034.7733739143816
2023-10-30,1005.7408685184998
2023-10-31,1000.1210390328341
2023-11-02,1010.8647665858848
2023-11-03,1041.30525483659
2023-11-06,1031.3859961844646
2023-11-07,1043.9877388510804
2023-11-08,1042.4379549757527
2023-11-09,1039.0527695120893
2023-11-10,1034.794872181644
2023-11-13,1057.3088804560953
2023-11-14,1056.260431322054
2023-11-15,1067.1594727398412
2023-11-16,1058.474230198565
2023-11-17,1066.053293815479
2023-11-20,1079.887173898905
2023-11-21,1067.6302806159035
2023-11-22,1068.964859402631
2023-11-23,1069.2989396285234
2023-11-24,1062.5977967700876
2023-11-27,1059.0767382269744
2023-11-28,1063.3898715930588
2023-11-29,1066.815107916745
2023-11-30,1072.605791157747
2023-12-01,1086.8170349972283
2023-12-04,1074.0079477469305
2023-12-05,1089.7081428561453
2023-12-06,1093.9372392230707
2023-12-07,1104.7441064218847
2023-12-11,1083.4698473250498
2023-12-12,1086.7302455189342
2023-12-13,1107.4227629725572
2023-12-14,1133.332422678739
2023-12-15,1130.4121899459908
2023-12-18,1114.641445630597
2023-12-19,1118.040186610627
2023-12-20,1118.5086745783801
2023-12-21,1126.4604631930854
2023-12-22,1131.8919415721905
2023-12-26,1143.9762705205706
2023-12-27,1139.763230468158
2023-12-28,1147.9494819173449
2023-12-29,1136.7289140535481
2024-01-02,1139.6308969489428
2024-01-03,1127.81980332448
2024-01-04,1116.5246409313065
2024-01-05,1108.8936784801983
2024-01-08,1110.0789479825557
2024-01-09,1118.5717261632649
2024-01-10,1109.939402740321
2024-01-11,1106.682583359351
2024-01-12,1094.3248901846396
2024-01-15,1098.5975808888525
2024-01-16,1092.16164566016
2024-01-17,1078.8357008810544
2024-01-18,1069.7319818218753
2024-01-19,1063.4875891388338
2024-01-22,1074.4156427222574
2024-01-23,1084.8833091477838
2024-01-24,1101.0278012691467
2024-01-25,1086.0010585945279
2024-01-26,1099.5832958605185
2024-01-29,1102.1553982351304
2024-01-30,1083.5270373420603
2024-01-31,1085.7000830542715
2024-02-01,1099.2340441528545
2024-02-02,1088.8165299681639
2024-02-05,1092.6997083939636
2024-02-06,1091.9680253120252
2024-02-07,1093.6837203789705
2024-02-08,1091.9657719559002
2024-02-09,1096.2460631070176
2024-02-12,1107.9898071499192
2024-02-13,1093.230046719213
2024-02-14,1101.6116565176228
2024-02-15,1122.4173182418067
2024-02-16,1151.373471793402
2024-02-19,1158.955286901168
2024-02-20,1152.8830338541286
2024-02-21,1134.7380349252921
2024-02-22,1132.4064282102033
2024-02-23,1125.557249131835
2024-02-26,1128.5690576556497
2024-02-27,1148.3456745814315
2024-02-28,1154.7096084493896
2024-02-29,1173.3829529803634
2024-03-01,1180.6008176881471
2024-03-04,1156.3216883169803
2024-03-05,1140.4535878736954
2024-03-06,1155.5799483052765
2024-03-07,1159.7757565755549
2024-03-08,1156.9546988020265
2024-03-11,1172.5060218456572
2024-03-12,1189.556518872589
2024-03-13,1185.4555791408334
2024-03-14,1179.4079066426614
2024-03-15,1181.5887001725557
2024-03-18,1179.2276251856183
2024-03-19,1172.2467565651614
2024-03-20,1188.1324135615089
2024-03-21,1184.8430673109508
2024-03-22,1188.3366020735198
2024-03-25,1173.1937185634072
2024-03-26,1177.3367085912957
2024-03-27,1188.833341005403
2024-03-28,1198.1548116979416
2024-04-01,1194.26264331702
2024-04-02,1194.6767867269125
2024-04-03,1190.1419721204793
2024-04-04,1182.5980568004843
2024-04-05,1170.3049765998678
2024-04-08,1186.9095155869252
2024-04-09,1199.4653596499347
2024-04-10,1201.0057352472904
2024-04-11,1208.0624114573918
2024-04-12,1179.2817547840828
2024-04-15,1166.3826645192821
2024-04-16,1158.8176651557126
2024-04-17,1164.6301585163135
2024-04-18,1160.6958684710212
2024-04-19,1141.7766136422854
2024-04-22,1142.987053302659
2024-04-23,1159.8005083549017
2024-04-24,1139.8968436929526
2024-04-25,1128.621804089468
2024-04-26,1143.1444338427948
2024-04-29,1170.3433943251591
2024-04-30,1160.8478657063074
2024-05-02,1158.4264851063615
2024-05-03,1167.8146042065164
2024-05-06,1156.5149884967234
2024-05-07,1178.1269653197546
2024-05-08,1186.8274612020707
2024-05-09,1185.0233838476745
2024-05-10,1189.321629090122
2024-05-13,1195.5462671755222
2024-05-14,1201.669619765705
2024-05-15,1200.6737166079424
2024-05-16,1191.471111274983
2024-05-17,1189.7648515078827
2024-05-20,1185.550222024323
2024-05-22,1192.067824755675
2024-05-23,1201.8382558416229
2024-05-24,1196.953786355122
2024-05-27,1202.1975077050859
2024-05-28,1194.6305960491482
2024-05-29,1184.9503118647149
2024-05-30,1175.4876046690413
2024-05-31,1177.30241480905
2024-06-03,1174.2876347146064
2024-06-04,1172.7648167105324
2024-06-05,1180.9042255827942
2024-06-06,1187.0040317297132
2024-06-07,1177.4447471775861
2024-06-10,1174.5995251297663
2024-06-11,1161.2166748179477
2024-06-12,1158.3081562444106
2024-06-13,1151.0576157812263
2024-06-14,1158.0040067922314
2024-06-17,1156.9907517893835
2024-06-18,1164.7729042812255
2024-06-19,1171.4647667323277
2024-06-21,1154.487806724622
2024-06-24,1153.9335542396316
2024-06-25,1139.803708871895
2024-06-26,1156.6917689774598
2024-06-27,1155.1406073834692
2024-06-28,1138.2234222193213
2024-07-01,1134.1375210128112
2024-07-02,1133.4320598578227
2024-07-03,1161.2333540129396
2024-07-04,1163.6465602901585
2024-07-05,1154.895979406847
2024-07-08,1160.5312072258444
2024-07-09,1151.7250954886547
2024-07-10,1150.718387939976
2024-07-11,1164.6501029682765
2024-07-12,1166.0015163124156
2024-07-15,1169.2701889978246
2024-07-17,1168.8990970751297
2024-07-18,1168.5261725825537
2024-07-19,1164.2002301870161
2024-07-22,1171.888582019948
2024-07-23,1164.609572160938
2024-07-24,1159.0084355605636
2024-07-25,1150.7278909919287
2024-07-26,1149.9208101912761
2024-07-29,1159.7555704137742
2024-07-30,1156.4856947942283
2024-07-31,1152.469118472284
2024-08-01,1149.5843834073114
2024-08-02,1132.2667478035032
2024-08-05,1092.316970434532
2024-08-06,1105.6823936552173
2024-08-07,1106.8839739718826
2024-08-08,1124.752808999155
2024-08-09,1128.1488228012915
2024-08-12,1130.469386843458
2024-08-13,1137.244302109185
2024-08-14,1144.4854046296175
2024-08-16,1153.654528523259
2024-08-19,1154.9824462254267
2024-08-20,1161.5003672369069
2024-08-21,1161.534010583674
2024-08-22,1158.9814839471383
2024-08-23,1153.1449940644895
2024-08-26,1148.8255578222095
2024-08-27,1137.3570743132784
2024-08-28,1137.6834131655983
2024-08-29,1149.8726106959268
2024-08-30,1151.212940878141
2024-09-02,1149.687375574079
2024-09-03,1137.9478557484183
2024-09-04,1139.6739922300146
2024-09-05,1134.89859182738
2024-09-06,1116.4123680918744
2024-09-09,1113.791982210489
2024-09-10,1109.3372704408287
2024-09-11,1122.4702594646826
2024-09-12,1129.473843511131
2024-09-13,1130.4759865867225
2024-09-16,1126.7258370650088
2024-09-17,1125.3198419075115
2024-09-23,1134.8008936001813
2024-09-24,1148.0829712612094
2024-09-25,1148.3061430958007
2024-09-26,1165.6258089303428
2024-09-27,1168.2845465084365
2024-09-30,1159.4371144137056
2024-10-01,1148.8276717986498
2024-10-02,1142.16601727235
2024-10-03,1144.2676202677214
2024-10-04,1157.5176242328623
2024-10-07,1157.0349019792898
2024-10-08,1160.407366062977
2024-10-09,1169.8889773843825
2024-10-10,1173.7464395651225
2024-10-11,1172.3056890421615
2024-10-14,1172.3056890421615
2024-10-15,1172.3056890421615
2024-10-16,1172.3056890421615
2024-10-17,1174.5774470437345
2024-10-18,1186.2214202022037
2024-10-21,1189.6490584260018
2024-10-22,1187.631082445257
2024-10-23,1190.1820544162174
2024-10-24,1196.7283759652607
2024-10-25,1202.1109273403663
2024-10-28,1197.4279548761722
2024-10-29,1187.06216157295
2024-10-30,1164.7760550726455
2024-11-04,1179.0711541707312
2024-11-05,1161.0259385541283
2024-11-06,1171.3599142519727
2024-11-07,1165.7712127426312
2024-11-08,1157.0648743533354
2024-11-11,1160.2415178746303
2024-11-12,1153.6646905217115
2024-11-13,1160.7949906037923
2024-11-14,1146.0079671311303
2024-11-15,1157.4000316251518
2024-11-18,1157.596681274202
2024-11-19,1158.420623852783
2024-11-20,1163.3269328548884
2024-11-21,1168.9223396772973
2024-11-22,1167.150371952862
2024-11-25,1163.4628568292926
2024-11-26,1165.2240185147334
2024-11-27,1166.2345144974204
2024-11-28,1168.1696725888976
2024-11-29,1165.3310107277805
2024-12-02,1178.479327966443
2024-12-03,1176.8647677431927
2024-12-04,1176.3051303156722
2024-12-05,1181.4756230845908
2024-12-06,1178.6448842238458
2024-12-09,1185.3917884340092
2024-12-10,1188.2212008968102
2024-12-11,1192.2704249516662
2024-12-12,1201.3258435607077
2024-12-13,1199.1580284888455
2024-12-16,1203.9975590643953
2024-12-17,1192.3092780943618
2024-12-18,1191.384113143061
2024-12-19,1186.6032602218693
2024-12-20,1184.1083462666863
2024-12-23,1180.8429625642068
2024-12-24,1181.788044058348
2024-12-26,1185.2526764301006
2024-12-27,1187.2868483345471
2024-12-30,1189.4181483005254
2025-01-02,1183.0546174708386
2025-01-03,1185.5074663392534
2025-01-06,1198.3108989809275
2025-01-07,1204.4249982100266
2025-01-08,1201.13756919297
2025-01-09,1204.9971090466854
2025-01-10,1207.6222247628418
2025-01-13,1197.5327369538406
2025-01-14,1208.2449691226284
2025-01-15,1221.5975953086577
2025-01-16,1230.9634926673862
2025-01-17,1232.120124812465
2025-01-20,1239.2881543045778
2025-01-21,1247.3128179649177
2025-01-22,1246.4130041435303
2025-01-23,1251.8225702190325
2025-01-24,1253.7503163092595
2025-01-27,1243.4125232205358
2025-01-28,1246.0224749316787
2025-01-29,1253.9216613765343
2025-01-30,1276.0268824514455
2025-01-31,1269.4829770784245
2025-02-03,1265.6177206352352
2025-02-04,1278.8757492075435
2025-02-05,1282.9817713042878
2025-02-06,1289.7994348750549
2025-02-07,1284.1572440898426
2025-02-10,1281.0010305684534
2025-02-11,1278.7829683221778
2025-02-12,1278.9355708313071
2025-02-13,1288.5210343523513
2025-02-14,1294.2201361673997
2025-02-17,1282.9930505172688
2025-02-18,1282.5320643189832
2025-02-19,1278.3970777733343
2025-02-20,1287.0022022276544
2025-02-21,1286.6701212058504
2025-02-24,1287.6383703082695
2025-02-25,1288.0431290266822
2025-02-26,1295.6221975742487
2025-02-27,1299.9486744351102
2025-02-28,1289.760784170397
2025-03-03,1295.4957687457822
2025-03-04,1287.6718741157063
2025-03-05,1290.9121808307382
2025-03-06,1297.7720535728533
2025-03-07,1299.823081867396
2025-03-10,1299.1539376990486
2025-03-11,1299.329765750137
2025-03-12,1305.333828684048
2025-03-13,1315.065865362926
2025-03-14,1325.0460986892122
2025-03-17,1340.8781509400408
2025-03-18,1337.5531464788548
2025-03-19,1338.7845315880186
2025-03-20,1338.0476189205835
2025-03-21,1336.2803654974055
2025-03-24,1333.916580561193
2025-03-25,1328.66228550026
2025-03-26,1327.9404110089722
2025-03-27,1339.8682009891513
2025-03-28,1347.1452948599574
2025-03-31,1338.986657738913
2025-04-01,1346.199599794515
2025-04-02,1349.6979208684234
2025-04-03,1354.146241973311
2025-04-04,1316.0610643345728
2025-04-07,1275.2810375271745
2025-04-08,1259.2863538093145
2025-04-09,1313.0202232895058
2025-04-10,1297.336425353238
2025-04-11,1308.02198580066
2025-04-14,1330.8651672017575
2025-04-15,1349.4175840657258
2025-04-16,1353.9474915164667
2025-04-17,1372.555044841658
2025-04-21,1363.1883617066744
2025-04-22,1375.2778534862628
2025-04-23,1394.9405918829273
2025-04-24,1399.8203612718971
2025-04-25,1398.010396902986
2025-04-28,1396.7033701168361
2025-04-29,1410.0661035689532
2025-04-30,1406.6497205087728
2025-05-02,1405.0506908703205
2025-05-05,1397.122275435886
2025-05-06,1398.5750474891204
2025-05-07,1425.1010013007167
2025-05-08,1424.9952567346054
2025-05-09,1438.9577195328975
2025-05-12,1454.6849922541262
2025-05-13,1456.0845927862858
2025-05-14,1472.2837345673947
2025-05-15,1459.6153804199243
2025-05-16,1455.8364959252383
2025-05-19,1453.5865629116738
2025-05-20,1454.3885441767154
2025-05-22,1446.9702374460685
2025-05-23,1451.8336225930468
2025-05-26,1447.4139213815372
2025-05-27,1441.5230954685717
2025-05-28,1420.8829085765894
2025-05-29,1413.158769004795
2025-05-30,1385.299267423312
2025-06-02,1386.791498248125
2025-06-03,1391.5961846577004
2025-06-04,1400.5431989737576
2025-06-05,1396.9452471382076
2025-06-06,1400.2394149646218
2025-06-09,1400.5927698239109
2025-06-10,1410.4902504076551
2025-06-11,1427.9942308013556
2025-06-12,1421.1474407501948
2025-06-13,1411.1046114422325
2025-06-16,1404.4289311520051
2025-06-17,1395.6709204142692
2025-06-18,1390.8380978896416
2025-06-19,1391.6067163652212
2025-06-23,1382.3883865641685
2025-06-24,1400.5003019460194
2025-06-25,1398.315750976805
2025-06-26,1404.172543915438
2025-06-27,1406.4073871882988
2025-06-30,1411.6047579458373
2025-07-01,1405.503178543045
2025-07-02,1414.348726140513
2025-07-03,1416.9677424923123
2025-07-04,1415.7323006398651
2025-07-07,1410.303590086816
2025-07-08,1421.1299272724668
2025-07-09,1419.4466868516267
2025-07-10,1418.563915353439
2025-07-11,1399.953370274543
2025-07-14,1398.4190269634996
2025-07-15,1383.8251542827975
2025-07-17,1388.2932724649925
2025-07-18,1389.1736358381856
2025-07-21,1380.862187962018
2025-07-22,1376.1866195392784
2025-07-23,1380.0362899356267
2025-07-24,1379.688305972901
2025-07-25,1391.6142660703003
2025-07-28,1365.4291690603116
2025-07-29,1373.0158748350361
2025-07-30,1373.573973386338
2025-07-31,1380.3082804979726
2025-08-01,1382.8067277514733
2025-08-04,1390.4906903370243
2025-08-05,1391.7480843433445
2025-08-06,1397.7247128907566
2025-08-07,1417.763128429844
2025-08-08,1443.8409364745605
2025-08-11,1462.4076136374122
2025-08-12,1458.6976863644882
2025-08-13,1481.3898736912718
2025-08-14,1486.689807057367
2025-08-18,1498.0894961042193
2025-08-19,1483.696247574496
2025-08-20,1472.7125441597059
2025-08-21,1479.368350538786
2025-08-22,1498.2669420118245
2025-08-25,1502.6062343748113
2025-08-26,1490.4208379062466
2025-08-27,1500.8273059984276
2025-08-28,1503.5947761233228
2025-08-29,1499.557632130426
2025-09-01,1505.1247184492222
2025-09-02,1505.056889669711
2025-09-03,1527.4427358958376
2025-09-04,1546.2063653306714
2025-09-05,1555.5320069467068
2025-09-08,1535.1114831722161
2025-09-09,1520.5614101792473
2025-09-10,1519.6588277737992
2025-09-11,1551.036991652959
2025-09-12,1526.954192267527
2025-09-15,1541.1678731501145
2025-09-16,1539.224513702466
2025-09-17,1528.73005218019
2025-09-22,1550.3878712115563
2025-09-23,1557.5065761791475
2025-09-24,1558.845413890679
2025-09-25,1550.4552629505072
2025-09-26,1539.4352267566528
2025-09-29,1536.150411551547
2025-09-30,1529.500943513628
2025-10-01,1527.0823626184103
2025-10-02,1518.6574861281924
2025-10-03,1516.946506550586
2025-10-06,1508.6821851707034
2025-10-07,1508.3845961349814
2025-10-08,1517.7123176386538
2025-10-09,1498.7616835552851
2025-10-10,1478.441672496842
2025-10-13,1496.4015615886183
2025-10-14,1532.078405642686
2025-10-15,1541.6820331310787
2025-10-16,1546.3510817023382
2025-10-17,1547.9261499631368
2025-10-20,1553.5698546933168
2025-10-21,1547.1588866443292
2025-10-22,1535.0993679003996
2025-10-23,1551.5374140633132
2025-10-24,1561.2047534078392
2025-10-27,1566.6604045716742
2025-10-28,1570.0756590579022
2025-10-29,1588.202087246932
2025-10-30,1598.122815469716
2025-11-03,1616.102011139813
2025-11-04,1584.961131674185
2025-11-05,1604.144090149262
2025-11-06,1611.3306551353267
2025-11-07,1638.4618418375837
2025-11-10,1644.0407724127253
2025-11-11,1652.3484334233783
2025-11-12,1688.4906264713713
2025-11-13,1652.7247294152253
2025-11-14,1632.9187639416784
2025-11-17,1688.337010305611
2025-11-18,1664.3639361150824
2025-11-19,1660.4588981548916
2025-11-20,1649.9178751938937
2025-11-21,1658.6870783979143
2025-11-24,1651.378484135146
2025-11-25,1678.6701163189935
2025-11-26,1682.3601814397337
2025-11-27,1695.0704748923035
2025-11-28,1704.5077882641936
2025-12-01,1707.1432859348984
2025-12-02,1706.1300417490509
2025-12-03,1713.722123180483
2025-12-04,1709.1530562407931
2025-12-05,1713.6311469926898
2025-12-09,1704.318689465735
2025-12-10,1698.7268686095076
2025-12-11,1730.3059181935828
2025-12-12,1740.602163604855
2025-12-15,1719.7492404369002
2025-12-16,1699.37243389649
2025-12-17,1686.1480081238885
2025-12-18,1691.9627361740966
2025-12-19,1710.3731244658973
2025-12-22,1724.2007703043707
2025-12-23,1729.8388180127636
2025-12-24,1728.7604082740331
2025-12-26,1744.1291556885067
2025-12-29,1748.4590524828182
2025-12-30,1744.9912830755993
2026-01-02,1728.3715345859225
2026-01-05,1773.4971936745471
2026-01-06,1809.9253276096774
2026-01-07,1801.61012649098
2026-01-08,1803.9298695755622
2026-01-09,1813.0728590896383
2026-01-12,1837.7090833393177
2026-01-13,1866.0340781200016
2026-01-14,1866.2406344513718
2026-01-15,1840.4050096729707
2026-01-16,1852.6866185980207
2026-01-19,1850.0790512173962
2026-01-20,1847.0079434660854
2026-01-21,1864.1263144955599
2026-01-22,1903.3864623989732
2026-01-23,1899.2228157602922
2026-01-26,1906.2506376168433
2026-01-27,1922.2107323628861
2026-01-28,1918.6224434228257
2026-01-29,1905.799101191779
2026-01-30,1891.2445741722509
2026-02-02,1886.0796134256168
2026-02-03,1914.0617287768373
2026-02-04,1893.831897455785
2026-02-05,1870.1636468715344
2026-02-06,1849.6664095107908
2026-02-09,1860.3973682661947
2026-02-10,1827.2205415683575
2026-02-11,1862.8027423867936
2026-02-12,1825.0120864988803
2026-02-13,1822.2840804587922
2026-02-16,1813.7810878269238
2026-02-17,1812.2499993272424
2026-02-18,1814.8362083886198
2026-02-19,1802.3713653101754
2026-02-20,1815.4433437902608
2026-02-23,1835.0908735130672
2026-02-24,1842.565074791006
2026-02-25,1856.6663254867578
2026-02-26,1848.6613442888083
2026-02-27,1825.9228748121056
2026-03-02,1776.6748771954626
2026-03-03,1719.645930484977
2026-03-04,1753.9600698758206
2026-03-05,1729.6186730830213
2026-03-06,1744.7565851111954
2026-03-09,1757.7871759052666
2026-03-10,1775.613570783953
2026-03-11,1763.5801980383455
2026-03-12,1750.501101806318
2026-03-13,1759.0090906979074
2026-03-16,1783.2218293564574
2026-03-17,1788.2533852101926
2026-03-18,1783.9175307935327
2026-03-19,1760.823780378559
2026-03-20,1726.2550314429968
2026-03-23,1708.4671047421473
2026-03-24,1691.6870299627496
2026-03-25,1718.3901570343212
2026-03-26,1719.0745767670576
2026-03-27,1722.5520908509063
2026-03-30,1723.4921844928908
2026-03-31,1759.5444702094621
2026-04-01,1802.9030508111705
2026-04-02,1777.455891278311
2026-04-06,1772.5240251175514
2026-04-07,1746.4424388345478
2026-04-08,1794.7253866250896
2026-04-09,1811.042183198777
2026-04-10,1831.4613431125208
2026-04-13,1841.7350399243044
2026-04-14,1870.2005314247472
2026-04-15,1863.2520351308815
2026-04-16,1889.5404808588837
2026-04-17,1883.3392137744875
2026-04-20,1868.5274003991124
2026-04-21,1834.774316909387
2026-04-22,1817.2197644735897
2026-04-23,1815.3504771785213
2026-04-24,1845.1053059399674
2026-04-27,1844.4931160667913
2026-04-28,1805.564816853102
2026-04-29,1792.5776281290237
2026-04-30,1793.5003109715826
2026-05-04,1764.155386135115
2026-05-05,1757.2311131377069
2026-05-06,1790.235221813862
2026-05-07,1780.496813493944
2026-05-08,1763.3927605887422
2026-05-11,1745.0391151108443
2026-05-12,1738.2825246484722
2026-05-13,1708.7758831340388
2026-05-14,1712.9532132019453
2026-05-15,1692.800000745149
2026-05-18,1708.1641465238947
2026-05-19,1688.0764917101412
2026-05-20,1720.0823137855846
2026-05-22,1718.2832361524484
2026-05-25,1755.4099636211947
2026-05-26,1743.1866193202534
2026-05-27,1763.6781167502168
2026-05-28,1768.0224595340803
2026-05-29,1743.9188711306524
2026-06-01,1724.598415334874
2026-06-02,1704.342459530801
2026-06-03,1681.1557071932452
2026-06-04,1676.2146543927224
2026-06-05,1672.24981239975
2026-06-08,1658.4609323836019
